{"Qatar": 1540.4604636239224, "Libya": 1506.021622543485, "Egypt": 1616.853099677737, "Zimbabwe": 1475.4707218574836, "Guinea": 1503.5138705102959, "Togo": 1481.2054248425106, "Morocco": 1675.525193044005, "DR Congo": 1584.6359709227772, "Ghana": 1556.789543180411, "Tunisia": 1553.730561360654, "South Africa": 1593.401222417201, "Senegal": 1650.796400147412, "Ivory Coast": 1626.2772901936733, "Jordan": 1535.5919948024216, "Angola": 1519.6404176175997, "Saudi Arabia": 1576.5173853269544, "Sweden": 1595.822002438324, "United Arab Emirates": 1537.353968886674, "South Korea": 1622.420907592143, "Cameroon": 1556.9087985727726, "Greece": 1546.895910345867, "Finland": 1471.480966687626, "Zambia": 1499.6777985325082, "United States": 1501.2642830231748, "Canada": 1485.2342775832433, "Nigeria": 1591.292108695804, "Ecuador": 1542.9385641424178, "Honduras": 1492.8585366238124, "Mexico": 1531.876938341973, "Norway": 1561.8679341964087, "Northern Cyprus": 1519.6558634810108, "Kyrgyzstan": 1474.8308644449592, "Lebanon": 1479.9966039434676, "Croatia": 1633.2758365606737, "Bahrain": 1506.4512209716083, "Syria": 1499.5940124653896, "Hong Kong": 1482.2696900805715, "Thailand": 1556.0404961068166, "Oman": 1533.4714961663014, "Singapore": 1479.6071397777007, "Kuwait": 1480.7083468317455, "Palestine": 1491.0557013025593, "Japan": 1651.0890812433272, "Costa Rica": 1532.2014209630534, "China": 1501.914913125964, "Iraq": 1609.096672483382, "Kazakhstan": 1440.3576064667625, "Tajikistan": 1507.4203403509616, "India": 1462.97961673478, "Pakistan": 1443.8971227405505, "Monaco": 1499.14111416181, "Chechnya": 1499.7639093648168, "New Zealand": 1498.781199681167, "Malaysia": 1540.7302586859107, "Guatemala": 1502.6725520302505, "Australia": 1605.1505915786372, "Iran": 1636.1715198722216, "Taiwan": 1439.5472472515753, "Uzbekistan": 1608.155642203313, "Bangladesh": 1456.117820618641, "Yemen": 1457.9678052833503, "Guyana": 1508.5986301955618, "Antigua and Barbuda": 1448.1671608784077, "North Korea": 1482.1407922509266, "Saint Kitts and Nevis": 1484.0610580298546, "Saint Martin": 1490.7869729323118, "Algeria": 1655.319465779208, "Burkina Faso": 1547.3102207804534, "Azerbaijan": 1407.337730451224, "Ukraine": 1577.9635602925268, "Bosnia and Herzegovina": 1504.0886700111355, "Cyprus": 1384.7654025720778, "Slovenia": 1546.1174005829957, "Belarus": 1461.9178019922288, "Iceland": 1463.2778730973437, "Trinidad and Tobago": 1471.0850449954628, "Romania": 1541.6212696383795, "Armenia": 1413.6735228747102, "Albania": 1492.6658737264074, "Lithuania": 1373.528531212726, "Argentina": 1673.3510941210632, "Austria": 1641.3146628161264, "England": 1639.3743912669881, "Uruguay": 1565.070930872576, "France": 1669.0742550151463, "Slovakia": 1545.0546721810392, "Republic of Ireland": 1516.256426748163, "Israel": 1491.1934857073568, "Denmark": 1588.5005466769856, "Italy": 1635.3544570681497, "Germany": 1613.9579383564073, "Luxembourg": 1421.0879439280466, "Belgium": 1614.01090166129, "North Macedonia": 1481.7341631002344, "Bulgaria": 1435.5352998416622, "Malta": 1375.6528287606088, "Georgia": 1505.8943420691064, "Netherlands": 1628.2050995664613, "Northern Ireland": 1469.8629752689274, "Estonia": 1392.4674137008958, "Poland": 1542.2522804595635, "Russia": 1590.3942914992524, "Brazil": 1617.967199060387, "Portugal": 1633.1026289499102, "Scotland": 1523.135654755574, "Switzerland": 1606.612161184041, "Spain": 1683.793398164995, "Serbia": 1529.1831982839626, "Turkey": 1620.5159200858202, "Czech Republic": 1585.1004472408517, "Venezuela": 1516.8134938352175, "Colombia": 1592.8989641252087, "Wales": 1528.756021204432, "Paraguay": 1535.827186570916, "Alderney": 1472.6012115950316, "Jersey": 1539.658148118052, "Philippines": 1492.5089862688183, "Equatorial Guinea": 1478.7434614728359, "Benin": 1490.681187444111, "Cambodia": 1444.1119785449064, "Guam": 1448.4412538094819, "Tanzania": 1454.9487616598472, "Zanzibar": 1510.3825786765676, "Nepal": 1442.8298587507736, "Bhutan": 1423.0557479357115, "Sri Lanka": 1442.5337132911304, "Brunei": 1450.1851123415668, "Macau": 1437.5759196066267, "Afghanistan": 1459.9032140504248, "Jamaica": 1508.3227555510164, "Lesotho": 1448.920491485517, "Eswatini": 1442.7060836758747, "Kosovo": 1514.4660603099478, "Chile": 1513.6244301068252, "Mauritius": 1437.134234055744, "Mozambique": 1479.6229809228366, "Guernsey": 1518.8041658277687, "Peru": 1484.3848518008565, "Botswana": 1463.9412481871134, "Faroe Islands": 1386.930513260233, "Moldova": 1387.1709709886495, "Madagascar": 1488.9421995108814, "Guadeloupe": 1511.8513010586544, "Saint Lucia": 1474.1642816969288, "Basque Country": 1512.9742171195753, "Hungary": 1559.9910478575387, "Catalonia": 1502.6556514759925, "Cape Verde": 1569.5163190399614, "Mali": 1554.6910821612705, "Latvia": 1378.0190201587463, "Greenland": 1497.651301564525, "Republic of St. Pauli": 1499.7531301453064, "Gibraltar": 1349.5007664355214, "Tibet": 1477.4216904513917, "Liechtenstein": 1282.2061902544067, "Sudan": 1459.7541523532473, "Malawi": 1467.714018395252, "Seychelles": 1400.9456327025985, "Ethiopia": 1469.2478644317578, "Namibia": 1465.702392059655, "Rwanda": 1477.5315252636753, "Uganda": 1502.7117639142618, "Kenya": 1495.7691843613131, "Gabon": 1503.1588769523823, "Andorra": 1311.8703001845, "Haiti": 1573.2950959187604, "Panama": 1529.7907904353008, "San Marino": 1259.165895337944, "Indonesia": 1510.089147472591, "Myanmar": 1437.2304922186368, "Niger": 1459.4147315892951, "Bahamas": 1431.44085952408, "Cayman Islands": 1454.5706415850013, "Cuba": 1465.7515876283287, "Turks and Caicos Islands": 1471.2136565430096, "Burundi": 1464.2505414947245, "Eritrea": 1489.012450625424, "Congo": 1453.6772207762765, "Dominica": 1461.4871511148096, "Chad": 1435.038167886676, "Liberia": 1456.29099444077, "Gambia": 1493.1031426573318, "Sierra Leone": 1477.6066942406103, "Cura\u00e7ao": 1542.8805220163867, "Grenada": 1454.3546707844491, "El Salvador": 1467.9273181193457, "Suriname": 1510.6453762629894, "Dominican Republic": 1504.3426636029924, "Barbados": 1441.9727863534051, "Anguilla": 1423.7684788323568, "Martinique": 1481.9032704317656, "United States Virgin Islands": 1450.7425630835842, "Bermuda": 1469.3368082425595, "Saint Vincent and the Grenadines": 1492.446052561898, "Mauritania": 1469.083267009394, "Laos": 1424.9848515965568, "Timor-Leste": 1419.7321561041488, "Bolivia": 1415.4021173347412, "G\u0103g\u0103uzia": 1499.4715122409564, "Crimea": 1500.2659989328715, "Ambazonia": 1498.656707241415, "Occitania": 1507.5699394447065, "S\u00e1pmi": 1482.0027669615208, "Djibouti": 1429.9823438096278, "Somalia": 1441.2904651640956, "Silesia": 1500.000304492205, "Comoros": 1479.4891398579073, "R\u00e9union": 1510.6569309659753, "Mayotte": 1500.654039537989, "Vietnam": 1540.6899495232337, "Galicia": 1496.5824737703351, "Nicaragua": 1474.3610289269388, "Belize": 1468.5615493401472, "Montenegro": 1461.7051154833016, "Kernow": 1504.75233475898, "Northern Mariana Islands": 1484.4928745421275, "Romani people": 1494.915209272195, "Mongolia": 1443.4809547219477, "Turkmenistan": 1481.6613866149942, "Menorca": 1497.4935281062762, "Ynys M\u00f4n": 1523.9293605063986, "Rhodes": 1501.3591925369565, "Saare County": 1495.7975153300658, "\u00c5land Islands": 1492.2541078624938, "Fr\u00f8ya": 1472.2847906263682, "Western Isles": 1490.7920331667285, "Gotland": 1494.6138354469836, "Solomon Islands": 1481.0465282580599, "Papua New Guinea": 1501.5897906586404, "New Caledonia": 1512.1887558464462, "Vanuatu": 1489.9358230110909, "Fiji": 1489.6891853596223, "Tuvalu": 1483.467481681273, "Samoa": 1485.6597124917719, "American Samoa": 1462.1393050946263, "Tahiti": 1509.9955033762903, "Cook Islands": 1478.8560392173415, "Tonga": 1470.1330243297796, "Maldives": 1435.4374244426574, "Guinea-Bissau": 1453.9503415196825, "British Virgin Islands": 1446.6372960149542, "French Guiana": 1494.6045425434818, "Andalusia": 1501.0184208297426, "Canary Islands": 1500.3114073554946, "Puerto Rico": 1498.9393036660997,