{"Qatar": 9.098917471623787, "Libya": 2.721073862083056, "Egypt": 9.19985873746385, "Zimbabwe": 3.1976475713450805, "Guinea": 3.575034864610317, "Togo": 2.999849603837868, "Morocco": 9.401684545346289, "DR Congo": 10.660259934667248, "Ghana": 11.32263384178473, "Tunisia": 8.313561765429343, "South Africa": 9.48176527997872, "Senegal": 10.136784163688397, "Ivory Coast": 9.507791215922019, "Jordan": 8.62699705177285, "Angola": 2.8076378659260492, "Saudi Arabia": 10.70335500227595, "Sweden": 10.869561984545378, "United Arab Emirates": 3.1886228993620063, "South Korea": 9.489355857393793, "Cameroon": 3.168107140469913, "Greece": 3.894967074084659, "Finland": 3.7010658824283005, "Zambia": 3.063168758316184, "United States": 9.060545533520722, "Canada": 9.638996152844244, "Nigeria": 2.4866941279216643, "Ecuador": 9.64406452087788, "Honduras": 3.4028633296237976, "Mexico": 9.381714545232168, "Norway": 8.080650394700895, "Northern Cyprus": 1.2791147212789444, "Kyrgyzstan": 2.9728080586860726, "Lebanon": 2.9937310952484846, "Croatia": 10.329656225189156, "Bahrain": 3.573362963572161, "Syria": 3.317365182723688, "Hong Kong": 3.487063229413247, "Thailand": 3.2450276693923157, "Oman": 3.232603172459542, "Singapore": 3.443629972868557, "Kuwait": 2.7512063743496356, "Palestine": 2.9525036057220806, "Japan": 9.726821574762289, "Costa Rica": 3.386000649572869, "China": 3.2974405775746725, "Iraq": 10.99534192252363, "Kazakhstan": 3.5956704162180686, "Tajikistan": 3.2365758900078245, "India": 2.520033289299853, "Pakistan": 2.6142486932500804, "Monaco": 0.4720587802183842, "Chechnya": 0.0, "New Zealand": 9.181828816931246, "Malaysia": 3.059295562469404, "Guatemala": 3.60698401824879, "Australia": 8.559421840261761, "Iran": 10.411782746030267, "Taiwan": 2.9858146688183114, "Uzbekistan": 9.465984319464644, "Bangladesh": 2.959396202051541, "Yemen": 2.916457511905867, "Guyana": 3.554809896761017, "Antigua and Barbuda": 2.478462582762657, "North Korea": 2.4211197515528133, "Saint Kitts and Nevis": 3.652245160629222, "Saint Martin": 3.465079479637527, "Algeria": 9.600264172078887, "Burkina Faso": 3.3809456469952486, "Azerbaijan": 2.9272236720752183, "Ukraine": 4.747472783694355, "Bosnia and Herzegovina": 10.680297879560293, "Cyprus": 3.0029083570775215, "Slovenia": 2.9172360139861757, "Belarus": 3.773367222361361, "Iceland": 4.1968380657773, "Trinidad and Tobago": 3.120967130671663, "Romania": 4.566470065035072, "Armenia": 2.960673061694408, "Albania": 3.8275481928328827, "Lithuania": 2.6387106343117646, "Argentina": 10.235234841887102, "Austria": 11.51750010878651, "England": 10.841876676740181, "Uruguay": 8.485414606895896, "France": 10.645491649372508, "Slovakia": 5.177669557929301, "Republic of Ireland": 3.2347773050899145, "Israel": 4.830667800923244, "Denmark": 3.5198156895793447, "Italy": 4.554418840205224, "Germany": 10.824955373375364, "Luxembourg": 4.4510794758732075, "Belgium": 9.378276610157648, "North Macedonia": 2.785078775182293, "Bulgaria": 3.1928339575501634, "Malta": 3.361619274970032, "Georgia": 4.943904624601613, "Netherlands": 10.143205297297998, "Northern Ireland": 4.084205178663232, "Estonia": 3.1507661910157934, "Poland": 4.133944665160427, "Russia": 2.6596821115929767, "Brazil": 9.741971868088475, "Portugal": 11.229600350018975, "Scotland": 8.209684373330505, "Switzerland": 9.245884199564323, "Spain": 11.917416765148138, "Serbia": 3.3057960356472496, "Turkey": 9.557262882643347, "Czech Republic": 9.420427493323386, "Venezuela": 5.235430648550211, "Colombia": 9.780381624618482, "Wales": 3.253181675413226, "Paraguay": 10.704598292893335, "Alderney": 0.8887065260956002, "Jersey": 1.8985295585682558, "Philippines": 3.2688313604960118, "Equatorial Guinea": 3.342126839920408, "Benin": 3.615697287936174, "Cambodia": 3.1882598014498766, "Guam": 2.3286213486119203, "Tanzania": 3.3948367327355475, "Zanzibar": 1.7275610098698848, "Nepal": 2.6530609235676557, "Bhutan": 2.568932894938572, "Sri Lanka": 3.116018755511411, "Brunei": 3.291904089966565, "Macau": 1.852396536399604, "Afghanistan": 2.774310957464045, "Jamaica": 3.638016436674497, "Lesotho": 3.039087854762396, "Eswatini": 2.2745838978021955, "Kosovo": 4.014812434094843, "Chile": 3.7615019057595442, "Mauritius": 2.8543074517741136, "Mozambique": 3.4369722292232585, "Guernsey": 1.7969474628502229, "Peru": 3.7041083481912396, "Botswana": 3.3112470842902, "Faroe Islands": 3.5616797362173007, "Moldova": 2.972850913203762, "Madagascar": 3.34605752080608, "Guadeloupe": 3.341993343234562, "Saint Lucia": 3.5523027280985326, "Basque Country": 1.0756136057865078, "Hungary": 4.6201369539314365, "Catalonia": 0.5739109986890021, "Cape Verde": 11.404535414445185, "Mali": 3.003897774190973, "Latvia": 2.5801826088943023, "Greenland": 1.3849398569813376, "Republic of St. Pauli": 0.20422295642364516, "Gibraltar": 3.2924360235232735, "Tibet": 1.3931699861785491, "Liechtenstein": 2.9185058573727174, "Sudan": 3.173937222125194, "Malawi": 3.299255945875358, "Seychelles": 1.5294881716570732, "Ethiopia": 3.0914773058551366, "Namibia": 3.108569363599901, "Rwanda": 3.195068807571549, "Uganda": 3.3738830608191086, "Kenya": 2.909325765391735, "Gabon": 3.4105523645969624, "Andorra": 2.1414355229931656, "Haiti": 11.340704007544597, "Panama": 7.8011093403749605, "San Marino": 2.2021902926800903, "Indonesia": 3.590770769903024, "Myanmar": 3.1748830648422888, "Niger": 3.4735126213781675, "Bahamas": 2.4017341048640493, "Cayman Islands": 3.3908942807861915, "Cuba": 3.3789792334290008, "Turks and Caicos Islands": 2.7311359453182082, "Burundi": 2.8481370927215823, "Eritrea": 0.5624177641658885, "Congo": 2.2608243460607254, "Dominica": 2.9187321487234867, "Chad": 2.3321871700627224, "Liberia": 3.2332162600648915, "Gambia": 3.142508400687811, "Sierra Leone": 3.1189446459176886, "Cura\u00e7ao": 10.472584432055625, "Grenada": 3.4433531808515996, "El Salvador": 3.570318820216349, "Suriname": 3.2615177535234405, "Dominican Republic": 3.285654048544221, "Barbados": 3.169888654876022, "Anguilla": 2.7750443051244207, "Martinique": 2.8415354405926925, "United States Virgin Islands": 2.540154179057474, "Bermuda": 3.720424687269847, "Saint Vincent and the Grenadines": 3.6286662445185156, "Mauritania": 2.912885268565526, "Laos": 2.5301696766624087, "Timor-Leste": 2.686132813937587, "Bolivia": 4.388299336785416, "G\u0103g\u0103uzia": 0.12498823674884775, "Crimea": 0.2586630498096864, "Ambazonia": 0.00864967799905795, "Occitania": 0.4565699278667584, "S\u00e1pmi": 2.270087001993626, "Djibouti": 1.9641215426767533, "Somalia": 2.220536234640663, "Silesia": 0.0, "Comoros": 3.502658878319485, "R\u00e9union": 1.2083351448090422, "Mayotte": 0.9164710258249135, "Vietnam": 3.3294803167551756, "Galicia": 1.2833476817596303, "Nicaragua": 3.3794514264958635, "Belize": 3.614483606427894, "Montenegro": 3.578457778181632, "Kernow": 1.2512449870209055, "Northern Mariana Islands": 1.542328370129355, "Romani people": 1.8130728067716078, "Mongolia": 2.4502650471636405, "Turkmenistan": 2.9662519200421116, "Menorca": 1.4053391562514876, "Ynys M\u00f4n": 1.7872251197417672, "Rhodes": 0.36109415179276894, "Saare County": 0.640879892809856, "\u00c5land Islands": 1.1952745220294634, "Fr\u00f8ya": 1.7838034092511594, "Western Isles": 1.7295476325580936, "Gotland": 0.7369013695915542, "Solomon Islands": 3.5812530536980836, "Papua New Guinea": 3.0809389954572652, "New Caledonia": 2.9612892412745415, "Vanuatu": 3.535192699611734, "Fiji": 3.4457515418946927, "Tuvalu": 1.6505341860393952, "Samoa": 2.7217312859823544, "American Samoa": 1.70161125902171, "Tahiti": 2.902723062265355, "Cook Islands": 1.9966026039644447, "Tonga": 1.8510010751232133, "Maldives": 3.1979180974140236, "Guinea-Bissau": 2.6369604782343146, "British Virgin Islands": 3.297327972504745, "French Guiana": 2.667420432702661, "Andalusia": 0.1957768701908464, "Canary Islands": 0.0, "Puerto Rico": 3.3719846496743404, "Aruba": 3.2174610343485734, "Montserrat": 3.0873460810091338, "Brittany": 0.49637236965801806,